,precision,recall,f1-score,support
Cargo,0.15789473684210525,0.0015495867768595042,0.0030690537084398974,1936.0
Passengership,0.39105058365758755,0.17531617967727867,0.24209575429087624,2293.0
Tanker,0.48586572438162545,0.3315916398713826,0.3941710463449594,2488.0
Tug,0.32364036466519963,0.8615062761506276,0.47052102376599636,2390.0
accuracy,0.3611507631492259,0.3611507631492259,0.3611507631492259,0.3611507631492259
macro avg,0.3396128523866294,0.3424909206190371,0.27746421952756795,9107.0
weighted avg,0.3496977701399446,0.3611507631492259,0.29277589356270006,9107.0
